"tagID","tagProjectID","mfgID","dateBin","type","codeset","manufacturer","model","lifespan","nomFreq","offsetFreq","period","periodSD","pulseLen","tsSg","tagDeployID","sdID","deploymentStatus","dtStart","dtEnd","tsStart","tsEnd","deferSec","speciesID","speciesName","motusScientificName","motusEnglishName","motusFrenchName","bandNumber","markerNumber","markerType","latitude","longitude","elevation","sex","age","weight","wing","tarsus","culmen","bill","head","fatScore","comments"
"26895","174","232","2017-3","ID","Lotek4","Lotek","ANTC-M4-2S","273","166.3800048828125","0.30630001425743103","5.898099899291992","0.00009999999747378752","2.5","1504721291.2592","14254","","active","2018-01-19 18:15:00 +00:00","","1516385700","","0.0","4670","Calidris canutus","Calidris canutus","Red Knot","Bécasseau maubèche","'0000249","'0000249","metal band","-52.46930000","-69.38490000","","","A","123.0","168.0","","","37.4","66.0","",""
"26896","174","233","2017-3","ID","Lotek4","Lotek","ANTC-M4-2S","273","166.3800048828125","0.20329999923706055","5.89709997177124","0.0012000000569969416","2.5","1504721291.2592","14255","","active","2018-01-19 18:55:00 +00:00","","1516388100","","0.0","4670","Calidris canutus","Calidris canutus","Red Knot","Bécasseau maubèche","'DD00320","'DD00320","metal band","-52.46930000","-69.38490000","","","A","125.0","","","","37.9","66.8","",""
"26897","174","234","2017-3","ID","Lotek4","Lotek","ANTC-M4-2S","273","166.3800048828125","0.0003000000142492354","5.898099899291992","0.00009999999747378752","2.5","1504721291.2592","14256","","active","2018-01-19 19:40:00 +00:00","","1516390800","","0.0","4670","Calidris canutus","Calidris canutus","Red Knot","Bécasseau maubèche","'DD00328","'DD00328","metal band","-52.46930000","-69.38490000","","","A","110.0","162.0","","","36.6","66.9","",""
"26899","174","236","2017-3","ID","Lotek4","Lotek","ANTC-M4-2S","273","166.3800048828125","0.20749999582767487","5.89739990234375","0.0012000000569969416","2.5","1504721291.2592","14258","","active","2018-01-19 18:24:59 +00:00","","1516386298.9999998","","0.0","4670","Calidris canutus","Calidris canutus","Red Knot","Bécasseau maubèche","'0000254","'0000254","metal band","-52.46930000","-69.38490000","","","A","122.0","142.0","","","37.0","64.0","",""
"26900","174","237","2017-3","ID","Lotek4","Lotek","ANTC-M4-2S","273","166.3800048828125","0.2304999977350235","5.897500038146973","0.0010999999940395355","2.5","1504721291.2592","14259","","active","2018-01-19 18:55:00 +00:00","","1516388100","","0.0","4670","Calidris canutus","Calidris canutus","Red Knot","Bécasseau maubèche","'DD00319","'DD00319","metal band","-52.46930000","-69.38490000","","","A","116.0","","","","38.6","67.8","",""
"26901","174","238","2017-3","ID","Lotek4","Lotek","ANTC-M4-2S","273","166.3800048828125","0.32600000500679016","5.898099899291992","0.00009999999747378752","2.5","1504721291.2592","14260","","active","2018-01-19 18:20:00 +00:00","","1516386000.0000002","","0.0","4670","Calidris canutus","Calidris canutus","Red Knot","Bécasseau maubèche","'0000252","'0000252","metal band","-52.46930000","-69.38490000","","","A","120.0","170.0","","","36.5","63.0","",""
"26902","174","239","2017-3","ID","Lotek4","Lotek","ANTC-M4-2S","273","166.3800048828125","0.2443999946117401","5.898099899291992","0.00009999999747378752","2.5","1504721291.2592","14261","","active","2018-01-19 18:58:00 +00:00","","1516388280","","0.0","4670","Calidris canutus","Calidris canutus","Red Knot","Bécasseau maubèche","'0000242","'0000242","metal band","-52.46930000","-69.38490000","","","A","122.0","168.0","","","37.3","64.6","",""
"26903","174","240","2017-3","ID","Lotek4","Lotek","ANTC-M4-2S","273","166.3800048828125","0.22200000286102295","5.898200035095215","0.00009999999747378752","2.5","1504721291.2592","14262","","active","2018-01-19 19:15:00 +00:00","","1516389300","","0.0","4670","Calidris canutus","Calidris canutus","Red Knot","Bécasseau maubèche","'DD00321","'DD00321","metal band","-52.46930000","-69.38490000","","","J","123.0","","","","33.3","63.9","",""
"26904","174","241","2017-3","ID","Lotek4","Lotek","ANTC-M4-2S","273","166.3800048828125","0.2937999963760376","5.8979997634887695","0.0000000000000010878000508080855","2.5","1504721291.2592","14263","","active","2018-01-19 19:24:59 +00:00","","1516389899","","0.0","4670","Calidris canutus","Calidris canutus","Red Knot","Bécasseau maubèche","'DD00326","'DD00326","metal band","-52.46930000","-69.38490000","","","J","123.0","165.0","","","38.7","69.3","",""
"26905","174","242","2017-3","ID","Lotek4","Lotek","ANTC-M4-2S","273","166.3800048828125","0.08129999786615372","5.898099899291992","0.00019999999494757503","2.5","1504721291.2592","14264","","active","2018-01-19 19:24:59 +00:00","","1516389899","","0.0","4670","Calidris canutus","Calidris canutus","Red Knot","Bécasseau maubèche","'DD00325","'DD00325","metal band","-52.46930000","-69.38490000","","","J","132.0","167.0","","","34.5","65.3","",""
"26906","174","243","2017-3","ID","Lotek4","Lotek","ANTC-M4-2S","273","166.3800048828125","0.22450000047683716","5.8979997634887695","0.0000000000000014043000525385224","2.5","1504721291.2592","14265","","active","2018-01-19 19:37:00 +00:00","","1516390620","","0.0","4670","Calidris canutus","Calidris canutus","Red Knot","Bécasseau maubèche","'DD00327","'DD00327","metal band","-52.46930000","-69.38490000","","","A","114.0","","","","36.1","64.9","",""
"27401","174","3","2017-4","ID","Lotek4","Lotek","NTQB-4-2","233","166.3800048828125","-0.008999999612569809","4.697000026702881","0.0000000000000010878000508080855","2.5","1510931387.2968","15432","","active","2017-12-22 13:19:00 +00:00","","1513948740","","0.0","4670","Calidris canutus","Calidris canutus","Red Knot","Bécasseau maubèche","","","","-52.46930000","-69.38490000","","","","","","","","","","","banding record for this tag not found - deployment information needs to be confirmed"
"27409","174","5","2017-4","ID","Lotek4","Lotek","ACT-626","358","166.3800048828125","1.0647000074386597","13.001500129699707","0.00009999999747378752","2.5","1512419288.6939","15647","","active","2018-01-19 18:12:00 +00:00","","1516385520.0000002","","0.0","4670","Calidris canutus","Calidris canutus","Red Knot","Bécasseau maubèche","'DD00302","'DD00302","metal band","-52.46930000","-69.38490000","","","A","125.0","","","","35.4","64.1","",""
"27409","174","5","2017-4","ID","Lotek4","Lotek","ACT-626","358","166.3800048828125","1.0647000074386597","13.001500129699707","0.00009999999747378752","2.5","1512419288.6939","15743","","terminated","2017-10-15 00:00:00 +00:00","2017-10-20 23:59:00 +00:00","1508025600","1508543940.0000002","","","","","","","","","","","","","","","","","","","","","",""
"27410","174","6","2017-4","ID","Lotek4","Lotek","ACT-626","358","166.3800048828125","0.28450000286102295","13.001399993896484","0.00009999999747378752","2.5","1512419288.6939","15648","","active","2018-01-19 18:04:00 +00:00","","1516385040.0000002","","0.0","4670","Calidris canutus","Calidris canutus","Red Knot","Bécasseau maubèche","'0000220","'0000220","metal band","-52.46930000","-69.38490000","","","","112.0","153.0","","","37.1","64.9","",""
"27411","174","7","2017-4","ID","Lotek4","Lotek","ACT-626","358","166.3800048828125","0.4142000079154968","13.001500129699707","0.00019999999494757503","2.5","1512419288.6939","15649","","active","2018-01-19 18:12:00 +00:00","","1516385520.0000002","","0.0","4670","Calidris canutus","Calidris canutus","Red Knot","Bécasseau maubèche","'DD00304","'DD00304","metal band","-52.46930000","-69.38490000","","","IMM","115.0","168.0","","","35.5","63.4","",""
"27412","174","8","2017-4","ID","Lotek4","Lotek","ACT-626","358","166.3800048828125","0.5329999923706055","13.001299858093262","0.0003000000142492354","2.5","1512419288.6939","15650","","active","2018-01-19 17:54:59 +00:00","","1516384499","","0.0","4670","Calidris canutus","Calidris canutus","Red Knot","Bécasseau maubèche","'0000216","'0000216","metal band","-52.46930000","-69.38490000","","","","117.0","160.0","","","37.4","63.7","",""
"27413","174","9","2017-4","ID","Lotek4","Lotek","ACT-626","358","166.3800048828125","-0.8274000287055969","13.00100040435791","0.0010000000474974513","2.5","1512419288.6939","15651","","active","2018-01-19 18:00:00 +00:00","","1516384800","","0.0","4670","Calidris canutus","Calidris canutus","Red Knot","Bécasseau maubèche","'0000217","'0000217","metal band","-52.46930000","-69.38490000","","","","111.0","161.0","","","38.2","67.1","",""
"27414","174","10","2017-4","ID","Lotek4","Lotek","ACT-626","358","166.3800048828125","0.2401999980211258","13.001399993896484","0.00009999999747378752","2.5","1512419288.6939","15652","","active","2018-01-19 18:06:00 +00:00","","1516385160","","0.0","4670","Calidris canutus","Calidris canutus","Red Knot","Bécasseau maubèche","'0000221","'0000221","metal band","-52.46930000","-69.38490000","","","","110.0","155.0","","","35.8","63.8","",""
"27415","174","11","2017-4","ID","Lotek4","Lotek","ACT-626","358","166.3800048828125","0.29159998893737793","13.001399993896484","0.00009999999747378752","2.5","1512419288.6939","15653","","active","2018-01-19 17:51:00 +00:00","","1516384260.0000002","","0.0","4670","Calidris canutus","Calidris canutus","Red Knot","Bécasseau maubèche","'0000215","'0000215","metal band","-52.46930000","-69.38490000","","","","128.0","167.0","","","37.0","67.3","",""
"27416","174","12","2017-4","ID","Lotek4","Lotek","ACT-626","358","166.3800048828125","-0.10199999809265137","13.001399993896484","0.00009999999747378752","2.5","1512419288.6939","15654","","active","2018-01-19 05:59:00 +00:00","","1516341540.0000002","","0.0","4600","Limosa haemastica","Limosa haemastica","Hudsonian Godwit","Barge hudsonienne","'K00064","'K00064","metal band","-52.46930000","-69.38490000","","","","219.0","214.0","","","76.3","114.1","",""
"27417","174","13","2017-4","ID","Lotek4","Lotek","ACT-626","358","166.3800048828125","0.004000000189989805","13.001399993896484","0.00009999999747378752","2.5","1512419288.6939","15655","","active","2018-01-19 17:50:00 +00:00","","1516384200","","0.0","4670","Calidris canutus","Calidris canutus","Red Knot","Bécasseau maubèche","'0000213","'0000213","metal band","-52.46930000","-69.38490000","","","","120.0","150.0","","","37.7","66.5","",""
"27417","174","13","2017-4","ID","Lotek4","Lotek","ACT-626","358","166.3800048828125","0.004000000189989805","13.001399993896484","0.00009999999747378752","2.5","1512419288.6939","15740","","terminated","2017-10-13 00:00:00 +00:00","2017-10-15 23:59:00 +00:00","1507852800","1508111940.0000002","","","","","","","","","","","","","","","","","","","","","",""
"27418","174","14","2017-4","ID","Lotek4","Lotek","ACT-626","358","166.3800048828125","-0.0997999981045723","13.001399993896484","0.00009999999747378752","2.5","1512419288.6939","15656","","active","2018-01-19 17:39:59 +00:00","","1516383598.9999998","","0.0","4670","Calidris canutus","Calidris canutus","Red Knot","Bécasseau maubèche","'0000209","'0000209","metal band","-52.46930000","-69.38490000","","","","114.0","167.0","","","36.0","65.9","",""
"27419","174","15","2017-4","ID","Lotek4","Lotek","ACT-626","358","166.3800048828125","0.2476000040769577","13.001399993896484","0.00009999999747378752","2.5","1512419288.6939","15657","","active","2018-01-19 17:45:00 +00:00","","1516383900","","0.0","4670","Calidris canutus","Calidris canutus","Red Knot","Bécasseau maubèche","'0000210","'0000210","metal band","-52.46930000","-69.38490000","","","","125.0","161.0","","","35.1","65.0","",""
"27420","174","16","2017-4","ID","Lotek4","Lotek","ACT-626","358","166.3800048828125","-0.43540000915527344","13.000900268554688","0.0010000000474974513","2.5","1512419288.6939","15658","","active","2018-01-19 17:47:59 +00:00","","1516384078.9999998","","0.0","4670","Calidris canutus","Calidris canutus","Red Knot","Bécasseau maubèche","'0000212","'0000212","metal band","-52.46930000","-69.38490000","","","","125.0","160.0","","","36.9","63.3","",""
"27421","174","17","2017-4","ID","Lotek4","Lotek","ACT-626","358","166.3800048828125","-0.06120000034570694","13.00059986114502","0.0019000000320374966","2.5","1512419288.6939","15659","","active","2018-01-19 05:20:00 +00:00","","1516339200.0000002","","0.0","4600","Limosa haemastica","Limosa haemastica","Hudsonian Godwit","Barge hudsonienne","'K000100","'K000100","metal band","-52.46930000","-69.38490000","","","","227.0","210.0","","","67.2","102.9","",""
"27422","174","18","2017-4","ID","Lotek4","Lotek","ACT-626","358","166.3800048828125","-0.05820000171661377","13.001399993896484","0.0003000000142492354","2.5","1512419288.6939","15660","","active","2018-01-19 17:20:00 +00:00","","1516382400.0000002","","0.0","4670","Calidris canutus","Calidris canutus","Red Knot","Bécasseau maubèche","'0000206","'0000206","metal band","-52.46930000","-69.38490000","","","","120.0","150.0","","","36.0","63.0","",""
"27423","174","19","2017-4","ID","Lotek4","Lotek","ACT-626","358","166.3800048828125","-0.2632000148296356","13.001500129699707","0.0000000011547000022815723","2.5","1512419288.6939","15661","","active","2018-01-19 05:20:00 +00:00","","1516339200.0000002","","0.0","4600","Limosa haemastica","Limosa haemastica","Hudsonian Godwit","Barge hudsonienne","'K00053","'K00053","metal band","-52.46930000","-69.38490000","","","","235.0","203.0","","","73.7","109.9","",""
"27424","174","20","2017-4","ID","Lotek4","Lotek","ACT-626","358","166.3800048828125","0.3555999994277954","13.001299858093262","0.00009999999747378752","2.5","1512419288.6939","15662","","active","2018-01-19 16:54:59 +00:00","","1516380898.9999998","","0.0","4670","Calidris canutus","Calidris canutus","Red Knot","Bécasseau maubèche","'0000202","'0000202","metal band","-52.46930000","-69.38490000","","","","124.0","162.0","","","35.5","64.5","",""
"27425","174","21","2017-4","ID","Lotek4","Lotek","ACT-626","358","166.3800048828125","-0.22269999980926514","13.000800132751465","0.0012000000569969416","2.5","1512419288.6939","15663","","active","2018-01-19 17:00:00 +00:00","","1516381200","","0.0","4670","Calidris canutus","Calidris canutus","Red Knot","Bécasseau maubèche","'0000203","'0000203","metal band","-52.46930000","-69.38490000","","","","126.0","166.0","","","33.9","69.8","",""
"27426","174","22","2017-4","ID","Lotek4","Lotek","ACT-626","358","166.3800048828125","-0.16740000247955322","13.001399993896484","0.00009999999747378752","2.5","1512419288.6939","15664","","active","2018-01-19 17:05:00 +00:00","","1516381500","","0.0","4670","Calidris canutus","Calidris canutus","Red Knot","Bécasseau maubèche","'0000204","'0000204","metal band","-52.46930000","-69.38490000","","","","113.0","158.0","","","32.4","62.5","",""
"27427","174","23","2017-4","ID","Lotek4","Lotek","ACT-626","358","166.3800048828125","-0.6420000195503235","13.000800132751465","0.0010000000474974513","2.5","1512419288.6939","15665","","active","2018-01-19 18:31:00 +00:00","","1516386660.0000002","","0.0","4670","Calidris canutus","Calidris canutus","Red Knot","Bécasseau maubèche","'0000231","'0000231","metal band","-52.46930000","-69.38490000","","","A","111.0","148.0","","","36.2","65.4","",""
"27428","174","24","2017-4","ID","Lotek4","Lotek","ACT-626","358","166.3800048828125","0.6776000261306763","13.001500129699707","0.000000000816499978739671","2.5","1512419288.6939","15666","","active","2018-01-19 18:15:00 +00:00","","1516385700","","0.0","4670","Calidris canutus","Calidris canutus","Red Knot","Bécasseau maubèche","'0000226","'0000226","metal band","-52.46930000","-69.38490000","","","A","121.0","171.0","","","38.5","64.9","",""
"27429","174","25","2017-4","ID","Lotek4","Lotek","ACT-626","358","166.3800048828125","-0.3370000123977661","13.001500129699707","0.00009999999747378752","2.5","1512419288.6939","15667","","active","2018-01-19 18:17:00 +00:00","","1516385820","","0.0","4670","Calidris canutus","Calidris canutus","Red Knot","Bécasseau maubèche","'0000227","'0000227","metal band","-52.46930000","-69.38490000","","","A","123.0","160.0","","","37.2","64.7","",""
"27430","174","26","2017-4","ID","Lotek4","Lotek","ACT-626","358","166.3800048828125","0.311599999666214","13.001500129699707","0.0000000004999999858590343","2.5","1512419288.6939","15668","","active","2018-01-19 18:19:00 +00:00","","1516385940","","0.0","4670","Calidris canutus","Calidris canutus","Red Knot","Bécasseau maubèche","'0000228","'0000228","metal band","-52.46930000","-69.38490000","","","A","108.0","161.0","","","35.6","63.8","",""
"27431","174","27","2017-4","ID","Lotek4","Lotek","ACT-626","358","166.3800048828125","0.07400000095367432","13.000900268554688","0.0010999999940395355","2.5","1512419288.6939","15669","","active","2018-01-19 18:38:00 +00:00","","1516387080","","0.0","4670","Calidris canutus","Calidris canutus","Red Knot","Bécasseau maubèche","'0000233","'0000233","metal band","-52.46930000","-69.38490000","","","A","108.0","152.0","","","34.0","58.7","",""
"27432","174","28","2017-4","ID","Lotek4","Lotek","ACT-626","358","166.3800048828125","-0.30649998784065247","13.000499725341797","0.0020000000949949026","2.5","1512419288.6939","15670","","active","2018-01-19 18:35:00 +00:00","","1516386900","","0.0","4670","Calidris canutus","Calidris canutus","Red Knot","Bécasseau maubèche","'DD00313","'DD00313","metal band","-52.46930000","-69.38490000","","","A","128.0","","","","38.9","64.7","",""
"27433","174","29","2017-4","ID","Lotek4","Lotek","ACT-626","358","166.3800048828125","0.5716000199317932","13.00100040435791","0.0010000000474974513","2.5","1512419288.6939","15671","","active","2018-01-19 18:07:00 +00:00","","1516385220","","0.0","4670","Calidris canutus","Calidris canutus","Red Knot","Bécasseau maubèche","'0000222","'0000222","metal band","-52.46930000","-69.38490000","","","","123.0","160.0","","","37.4","63.7","",""
"27434","174","30","2017-4","ID","Lotek4","Lotek","ACT-626","358","166.3800048828125","-0.415800005197525","13.00100040435791","0.0010000000474974513","2.5","1512419288.6939","15672","","active","2018-01-19 18:30:00 +00:00","","1516386600","","0.0","4670","Calidris canutus","Calidris canutus","Red Knot","Bécasseau maubèche","'0000230","'0000230","metal band","-52.46930000","-69.38490000","","","A","127.0","171.0","","","36.8","63.2","",""
"27435","174","31","2017-4","ID","Lotek4","Lotek","ACT-626","358","166.3800048828125","0.6177999973297119","13.001299858093262","0.00009999999747378752","2.5","1512419288.6939","15673","","active","2018-01-19 18:35:00 +00:00","","1516386900","","0.0","4670","Calidris canutus","Calidris canutus","Red Knot","Bécasseau maubèche","'DD00310","'DD00310","metal band","-52.46930000","-69.38490000","","","A","117.0","158.0","","","35.8","63.8","",""
"27436","174","32","2017-4","ID","Lotek4","Lotek","ACT-626","358","166.3800048828125","-0.3741999864578247","13.001399993896484","0.00009999999747378752","2.5","1512419288.6939","15674","","active","2018-01-19 18:24:59 +00:00","","1516386298.9999998","","0.0","4670","Calidris canutus","Calidris canutus","Red Knot","Bécasseau maubèche","'0000229","'0000229","metal band","-52.46930000","-69.38490000","","","J","135.0","161.0","","","39.0","65.5","",""
"27437","174","33","2017-4","ID","Lotek4","Lotek","ACT-626","358","166.3800048828125","-0.27239999175071716","13.000900268554688","0.0010000000474974513","2.5","1512419288.6939","15675","","active","2018-01-19 17:47:00 +00:00","","1516384020","","0.0","4670","Calidris canutus","Calidris canutus","Red Knot","Bécasseau maubèche","'0000211","'0000211","metal band","-52.46930000","-69.38490000","","","","118.0","152.0","","","39.0","63.6","",""
"27438","174","34","2017-4","ID","Lotek4","Lotek","ACT-626","358","166.3800048828125","-0.49559998512268066","13.000800132751465","0.0010000000474974513","2.5","1512419288.6939","15676","","active","2018-01-19 18:12:00 +00:00","","1516385520.0000002","","0.0","4670","Calidris canutus","Calidris canutus","Red Knot","Bécasseau maubèche","'0000224","'0000224","metal band","-52.46930000","-69.38490000","","","","107.0","150.0","","","35.0","65.0","",""
"27439","174","35","2017-4","ID","Lotek4","Lotek","ACT-626","358","166.3800048828125","-0.07500000298023224","13.000800132751465","0.0010000000474974513","2.5","1512419288.6939","15677","","active","2018-01-19 18:22:00 +00:00","","1516386120","","0.0","4670","Calidris canutus","Calidris canutus","Red Knot","Bécasseau maubèche","'DD00307","'DD00307","metal band","-52.46930000","-69.38490000","","","J","132.0","160.0","","","35.3","64.5","",""
"27440","174","36","2017-4","ID","Lotek4","Lotek","ACT-626","358","166.3800048828125","0.18379999697208405","13.001299858093262","0.0003000000142492354","2.5","1512419288.6939","15678","","active","2018-01-19 18:00:59 +00:00","","1516384859","","0.0","4670","Calidris canutus","Calidris canutus","Red Knot","Bécasseau maubèche","'0000218","'0000218","metal band","-52.46930000","-69.38490000","","","","131.0","162.0","","","39.9","66.0","",""
"27441","174","37","2017-4","ID","Lotek4","Lotek","ACT-626","358","166.3800048828125","-0.1509999930858612","13.000300407409668","0.0020000000949949026","2.5","1512419288.6939","15679","","active","2018-01-19 18:10:00 +00:00","","1516385400","","0.0","4670","Calidris canutus","Calidris canutus","Red Knot","Bécasseau maubèche","'0000223","'0000223","metal band","-52.46930000","-69.38490000","","","","112.0","159.0","","","37.2","62.3","",""
"27442","174","38","2017-4","ID","Lotek4","Lotek","ACT-626","358","166.3800048828125","-0.9819999933242798","13.00160026550293","0.00009999999747378752","2.5","1512419288.6939","15680","","active","2018-01-19 18:21:00 +00:00","","1516386060","","0.0","4670","Calidris canutus","Calidris canutus","Red Knot","Bécasseau maubèche","'DD00305","'DD00305","metal band","-52.46930000","-69.38490000","","","A","109.0","","","","34.2","63.4","",""
"27443","174","39","2017-4","ID","Lotek4","Lotek","ACT-626","358","166.3800048828125","-0.5550000071525574","13.001500129699707","0.00019999999494757503","2.5","1512419288.6939","15681","","active","2018-01-19 18:12:00 +00:00","","1516385520.0000002","","0.0","4670","Calidris canutus","Calidris canutus","Red Knot","Bécasseau maubèche","'0000225","'0000225","metal band","-52.46930000","-69.38490000","","","A","127.0","168.0","","","37.2","65.2","",""
"27444","174","40","2017-4","ID","Lotek4","Lotek","ACT-626","358","166.3800048828125","-0.00039999998989515007","13.001399993896484","0.00009999999747378752","2.5","1512419288.6939","15682","","active","2018-01-19 18:22:00 +00:00","","1516386120","","0.0","4670","Calidris canutus","Calidris canutus","Red Knot","Bécasseau maubèche","'DD00306","'DD00306","metal band","-52.46930000","-69.38490000","","","A","","","","","31.2","67.7","",""
"27445","174","41","2017-4","ID","Lotek4","Lotek","ACT-626","358","166.3800048828125","-0.22220000624656677","13.001399993896484","0.00009999999747378752","2.5","1512419288.6939","15683","","active","2018-01-19 18:35:00 +00:00","","1516386900","","0.0","4670","Calidris canutus","Calidris canutus","Red Knot","Bécasseau maubèche","'DD00315","'DD00315","metal band","-52.46930000","-69.38490000","","","A","120.0","","","","37.0","62.5","",""
"27446","174","42","2017-4","ID","Lotek4","Lotek","ACT-626","358","166.3800048828125","0.47519999742507935","13.00100040435791","0.0007999999797903001","2.5","1512419288.6939","15684","","active","2018-01-19 18:51:00 +00:00","","1516387860","","0.0","4670","Calidris canutus","Calidris canutus","Red Knot","Bécasseau maubèche","'0000239","'0000239","metal band","-52.46930000","-69.38490000","","","A","116.0","152.0","","","35.6","64.7","",""
"27447","174","43","2017-4","ID","Lotek4","Lotek","ACT-626","358","166.3800048828125","-0.12720000743865967","13.00059986114502","0.0017999999690800905","2.5","1512419288.6939","15685","","active","2018-01-19 18:22:00 +00:00","","1516386120","","0.0","4670","Calidris canutus","Calidris canutus","Red Knot","Bécasseau maubèche","'DD00309","'DD00309","metal band","-52.46930000","-69.38490000","","","A","123.0","","","","36.1","65.8","",""
"27448","174","44","2017-4","ID","Lotek4","Lotek","ACT-626","358","166.3800048828125","-0.16920000314712524","13.000900268554688","0.0010000000474974513","2.5","1512419288.6939","15686","","active","2018-01-19 18:50:00 +00:00","","1516387800.0000002","","0.0","4670","Calidris canutus","Calidris canutus","Red Knot","Bécasseau maubèche","'0000238","'0000238","metal band","-52.46930000","-69.38490000","","","J","133.0","166.0","","","37.5","65.6","",""
"27449","174","45","2017-4","ID","Lotek4","Lotek","ACT-626","358","166.3800048828125","-0.17569999396800995","13.001399993896484","0.00009999999747378752","2.5","1512419288.6939","15687","","active","2018-01-19 18:22:00 +00:00","","1516386120","","0.0","4670","Calidris canutus","Calidris canutus","Red Knot","Bécasseau maubèche","'DD00308","'DD00308","metal band","-52.46930000","-69.38490000","","","J","125.0","162.0","","","34.1","63.3","",""
"27450","174","46","2017-4","ID","Lotek4","Lotek","ACT-626","358","166.3800048828125","0.7067000269889832","13.001399993896484","0.00009999999747378752","2.5","1512419288.6939","15688","","active","2018-01-19 19:03:00 +00:00","","1516388580.0000002","","0.0","4670","Calidris canutus","Calidris canutus","Red Knot","Bécasseau maubèche","'0000244","'0000244","metal band","-52.46930000","-69.38490000","","","J","127.0","165.0","","","36.4","62.4","",""
"27451","174","47","2017-4","ID","Lotek4","Lotek","ACT-626","358","166.3800048828125","-0.1436000019311905","13.001500129699707","0","2.5","1512419288.6939","15689","","active","2018-01-19 18:17:00 +00:00","","1516385820","","0.0","4670","Calidris canutus","Calidris canutus","Red Knot","Bécasseau maubèche","'0000250","'0000250","metal band","-52.46930000","-69.38490000","","","A","118.0","155.0","","","38.1","63.1","",""
"27451","174","47","2017-4","ID","Lotek4","Lotek","ACT-626","358","166.3800048828125","-0.1436000019311905","13.001500129699707","0","2.5","1512419288.6939","15742","","terminated","2017-10-12 00:00:00 +00:00","2017-10-29 23:59:00 +00:00","1507766400","1509321540.0000002","","","","","","","","","","","","","","","","","","","","","",""
"27452","174","48","2017-4","ID","Lotek4","Lotek","ACT-626","358","166.3800048828125","0.31450000405311584","13.001399993896484","0.00009999999747378752","2.5","1512419288.6939","15690","","active","2018-01-19 19:15:00 +00:00","","1516389300","","0.0","4670","Calidris canutus","Calidris canutus","Red Knot","Bécasseau maubèche","'DD00324","'DD00324","metal band","-52.46930000","-69.38490000","","","A","132.0","","","","37.7","68.0","",""
"27453","174","49","2017-4","ID","Lotek4","Lotek","ACT-626","358","166.3800048828125","-0.17870000004768372","12.999799728393555","0.003599999938160181","2.5","1512419288.6939","15691","","active","2018-01-19 18:19:00 +00:00","","1516385940","","0.0","4670","Calidris canutus","Calidris canutus","Red Knot","Bécasseau maubèche","'0000251","'0000251","metal band","-52.46930000","-69.38490000","","","A","124.0","163.0","","","38.6","65.0","",""
"27454","174","50","2017-4","ID","Lotek4","Lotek","ACT-626","358","166.3800048828125","-0.3199999928474426","13.00100040435791","0.0007999999797903001","2.5","1512419288.6939","15692","","active","2018-01-19 19:15:00 +00:00","","1516389300","","0.0","4670","Calidris canutus","Calidris canutus","Red Knot","Bécasseau maubèche","'DD00323","'DD00323","metal band","-52.46930000","-69.38490000","","","A","124.0","169.0","","","35.3","63.8","",""
"27455","174","51","2017-4","ID","Lotek4","Lotek","ACT-626","358","166.3800048828125","-0.4413999915122986","13.001500129699707","0.0000000008164899867324493","2.5","1512419288.6939","15693","","active","2018-01-19 19:07:00 +00:00","","1516388820","","0.0","4670","Calidris canutus","Calidris canutus","Red Knot","Bécasseau maubèche","'0000246","'0000246","metal band","-52.46930000","-69.38490000","","","A","117.0","152.0","","","38.6","64.2","",""
"27456","174","52","2017-4","ID","Lotek4","Lotek","ACT-626","358","166.3800048828125","-0.21780000627040863","13.001500129699707","0.00009999999747378752","2.5","1512419288.6939","15694","","active","2018-01-19 18:56:00 +00:00","","1516388160","","0.0","4670","Calidris canutus","Calidris canutus","Red Knot","Bécasseau maubèche","'0000241","'0000241","metal band","-52.46930000","-69.38490000","","","A","117.0","170.0","","","36.3","65.1","",""
"27457","174","53","2017-4","ID","Lotek4","Lotek","ACT-626","358","166.3800048828125","0.14249999821186066","13.001500129699707","0.00009999999747378752","2.5","1512419288.6939","15695","","active","2018-01-19 18:47:00 +00:00","","1516387620","","0.0","4670","Calidris canutus","Calidris canutus","Red Knot","Bécasseau maubèche","'0000237","'0000237","metal band","-52.46930000","-69.38490000","","","A","131.0","175.0","","","39.1","66.6","",""
"27458","174","54","2017-4","ID","Lotek4","Lotek","ACT-626","358","166.3800048828125","-0.11779999732971191","13.001299858093262","0.0003000000142492354","2.5","1512419288.6939","15696","","active","2018-01-19 18:55:00 +00:00","","1516388100","","0.0","4670","Calidris canutus","Calidris canutus","Red Knot","Bécasseau maubèche","'DD00317","'DD00317","metal band","-52.46930000","-69.38490000","","","A","112.0","168.0","","","34.5","63.1","",""
"27459","174","55","2017-4","ID","Lotek4","Lotek","ACT-626","358","166.3800048828125","-0.1137000024318695","13.001299858093262","0.00009999999747378752","2.5","1512419288.6939","15697","","active","2018-01-19 19:05:00 +00:00","","1516388700.0000002","","0.0","4670","Calidris canutus","Calidris canutus","Red Knot","Bécasseau maubèche","'0000245","'0000245","metal band","-52.46930000","-69.38490000","","","A","125.0","164.0","","","33.4","63.0","",""
"27460","174","56","2017-4","ID","Lotek4","Lotek","ACT-626","358","166.3800048828125","-0.21400000154972076","13.001500129699707","0.00009999999747378752","2.5","1512419288.6939","15698","","active","2018-01-19 18:35:00 +00:00","","1516386900","","0.0","4670","Calidris canutus","Calidris canutus","Red Knot","Bécasseau maubèche","'DD00311","'DD00311","metal band","-52.46930000","-69.38490000","","","A","128.0","166.0","","","35.2","65.6","",""
"27461","174","57","2017-4","ID","Lotek4","Lotek","ACT-626","358","166.3800048828125","-0.16529999673366547","13.001399993896484","0.00009999999747378752","2.5","1512419288.6939","15699","","active","2018-01-19 18:35:00 +00:00","","1516386900","","0.0","4670","Calidris canutus","Calidris canutus","Red Knot","Bécasseau maubèche","'DD00312","'DD00312","metal band","-52.46930000","-69.38490000","","","A","112.0","","","","34.8","63.9","",""
"27462","174","58","2017-4","ID","Lotek4","Lotek","ACT-626","358","166.3800048828125","-0.7085999846458435","13.001099586486816","0.0008999999845400453","2.5","1512419288.6939","15700","","active","2018-01-19 18:12:00 +00:00","","1516385520.0000002","","0.0","4670","Calidris canutus","Calidris canutus","Red Knot","Bécasseau maubèche","'DD00301","'DD00301","metal band","-52.46930000","-69.38490000","","","A","120.0","","","","34.0","63.3","",""
"27463","174","59","2017-4","ID","Lotek4","Lotek","ACT-626","358","166.3800048828125","-0.11900000274181366","13.001500129699707","0.00019999999494757503","2.5","1512419288.6939","15701","","active","2018-01-19 18:42:00 +00:00","","1516387320","","0.0","4670","Calidris canutus","Calidris canutus","Red Knot","Bécasseau maubèche","'0000235","'0000235","metal band","-52.46930000","-69.38490000","","","A","120.0","131.0","","","37.1","67.6","",""
"27464","174","61","2017-4","ID","Lotek4","Lotek","ACT-626","358","166.3800048828125","0.0737999975681305","13.001399993896484","0.00009999999747378752","2.5","1512419288.6939","15703","","active","2018-01-19 18:55:00 +00:00","","1516388100","","0.0","4670","Calidris canutus","Calidris canutus","Red Knot","Bécasseau maubèche","'DD00316","'DD00316","metal band","-52.46930000","-69.38490000","","","A","123.0","","","","38.0","67.0","",""
"27465","174","62","2017-4","ID","Lotek4","Lotek","ACT-626","358","166.3800048828125","-0.1777999997138977","13.001399993896484","0.00019999999494757503","2.5","1512419288.6939","15704","","active","2018-01-19 18:45:00 +00:00","","1516387500","","0.0","4670","Calidris canutus","Calidris canutus","Red Knot","Bécasseau maubèche","'0000236","'0000236","metal band","-52.46930000","-69.38490000","","","A","109.0","150.0","","","37.5","65.2","",""
"27466","174","63","2017-4","ID","Lotek4","Lotek","ACT-626","358","166.3800048828125","-0.15850000083446503","13.000800132751465","0.0013000000035390258","2.5","1512419288.6939","15705","","active","2018-01-19 18:53:00 +00:00","","1516387980","","0.0","4670","Calidris canutus","Calidris canutus","Red Knot","Bécasseau maubèche","'0000240","'0000240","metal band","-52.46930000","-69.38490000","","","J","132.0","168.0","","","38.9","65.1","",""
"27467","174","64","2017-4","ID","Lotek4","Lotek","ACT-626","358","166.3800048828125","0.057999998331069946","13.001399993896484","0.00009999999747378752","2.5","1512419288.6939","15706","","active","2018-01-19 19:09:59 +00:00","","1516388998.9999998","","0.0","4670","Calidris canutus","Calidris canutus","Red Knot","Bécasseau maubèche","'0000247","'0000247","metal band","-52.46930000","-69.38490000","","","J","112.0","156.0","","","34.5","64.0","",""
"27468","174","65","2017-4","ID","Lotek4","Lotek","ACT-626","358","166.3800048828125","-0.5580000281333923","13.001399993896484","0.00009999999747378752","2.5","1512419288.6939","15707","","active","2018-01-19 19:15:00 +00:00","","1516389300","","0.0","4670","Calidris canutus","Calidris canutus","Red Knot","Bécasseau maubèche","'DD00322","'DD00322","metal band","-52.46930000","-69.38490000","","","A","128.0","172.0","","","34.6","63.3","",""
"27469","174","66","2017-4","ID","Lotek4","Lotek","ACT-626","358","166.3800048828125","-0.04039999842643738","13.001299858093262","0.00009999999747378752","2.5","1512419288.6939","15708","","active","2018-01-19 19:11:59 +00:00","","1516389119","","0.0","4670","Calidris canutus","Calidris canutus","Red Knot","Bécasseau maubèche","'0000248","'0000248","metal band","-52.46930000","-69.38490000","","","A","113.0","160.0","","","38.0","66.0","",""
"27470","174","67","2017-4","ID","Lotek4","Lotek","ACT-626","358","166.3800048828125","-0.14380000531673431","13.00100040435791","0.0010000000474974513","2.5","1512419288.6939","15709","","active","2018-01-19 18:34:00 +00:00","","1516386840","","0.0","4670","Calidris canutus","Calidris canutus","Red Knot","Bécasseau maubèche","'0000232","'0000232","metal band","-52.46930000","-69.38490000","","","A","116.0","160.0","","","34.5","62.2","",""
"27471","174","68","2017-4","ID","Lotek4","Lotek","ACT-626","358","166.3800048828125","-0.592199981212616","13.001500129699707","0.0000000007071099816791104","2.5","1512419288.6939","15710","","active","2018-01-19 18:55:00 +00:00","","1516388100","","0.0","4670","Calidris canutus","Calidris canutus","Red Knot","Bécasseau maubèche","'000056","'000056","metal band","-52.46930000","-69.38490000","","","A","129.0","","","","36.5","66.9","",""
"27472","174","69","2017-4","ID","Lotek4","Lotek","ACT-626","358","166.3800048828125","-0.18780000507831573","13.001399993896484","0.00009999999747378752","2.5","1512419288.6939","15711","","active","2018-01-19 18:22:00 +00:00","","1516386120","","0.0","4670","Calidris canutus","Calidris canutus","Red Knot","Bécasseau maubèche","'128200728","'128200728","metal band","-52.46930000","-69.38490000","","","A","104.0","170.0","","","33.3","60.7","",""
"27473","174","70","2017-4","ID","Lotek4","Lotek","ACT-626","358","166.3800048828125","-0.2062000036239624","13.001399993896484","0.00009999999747378752","2.5","1512419288.6939","15712","","active","2018-01-19 18:12:00 +00:00","","1516385520.0000002","","0.0","4670","Calidris canutus","Calidris canutus","Red Knot","Bécasseau maubèche","'DD00303","'DD00303","metal band","-52.46930000","-69.38490000","","","","113.0","163.0","","","31.7","61.9","",""
"27474","174","71","2017-4","ID","Lotek4","Lotek","ACT-626","358","166.3800048828125","0.09759999811649323","13.001399993896484","0.00009999999747378752","2.5","1512419288.6939","15713","","active","2018-01-19 17:15:00 +00:00","","1516382100","","0.0","4670","Calidris canutus","Calidris canutus","Red Knot","Bécasseau maubèche","'28200800","'28200800","metal band","-52.46930000","-69.38490000","","","","111.0","162.0","","","34.0","62.3","",""
"27474","174","71","2017-4","ID","Lotek4","Lotek","ACT-626","358","166.3800048828125","0.09759999811649323","13.001399993896484","0.00009999999747378752","2.5","1512419288.6939","15741","","terminated","2017-10-27 00:00:00 +00:00","2017-10-27 23:59:00 +00:00","1509062400","1509148740.0000002","","","","","","","","","","","","","","","","","","","","","",""
"27475","174","72","2017-4","ID","Lotek4","Lotek","ACT-626","358","166.3800048828125","0.21439999341964722","13.00100040435791","0.0010000000474974513","2.5","1512419288.6939","15714","","active","2018-01-19 17:09:59 +00:00","","1516381799","","0.0","4670","Calidris canutus","Calidris canutus","Red Knot","Bécasseau maubèche","'0000205","'0000205","metal band","-52.46930000","-69.38490000","","","","127.0","175.0","","","39.0","66.0","",""
"27476","174","73","2017-4","ID","Lotek4","Lotek","ACT-626","358","166.3800048828125","1.2569999694824219","13.001099586486816","0.0008999999845400453","2.5","1512419288.6939","15715","","active","2018-01-19 05:17:00 +00:00","","1516339020","","0.0","4600","Limosa haemastica","Limosa haemastica","Hudsonian Godwit","Barge hudsonienne","'K00052","'K00052","metal band","-52.46930000","-69.38490000","","","","258.0","217.0","","","83.1","120.8","",""
"27477","174","74","2017-4","ID","Lotek4","Lotek","ACT-626","358","166.3800048828125","-0.45190000534057617","13.001500129699707","0.00009999999747378752","2.5","1512419288.6939","15716","","active","2018-01-19 05:17:00 +00:00","","1516339020","","0.0","4600","Limosa haemastica","Limosa haemastica","Hudsonian Godwit","Barge hudsonienne","'K00051","'K00051","metal band","-52.46930000","-69.38490000","","","","239.0","197.0","","","71.3","109.2","",""
"27478","174","75","2017-4","ID","Lotek4","Lotek","ACT-626","358","166.3800048828125","-0.07639999687671661","13.001399993896484","0.00009999999747378752","2.5","1512419288.6939","15717","","active","2018-01-19 17:35:00 +00:00","","1516383300.0000002","","0.0","4670","Calidris canutus","Calidris canutus","Red Knot","Bécasseau maubèche","'0000208","'0000208","metal band","-52.46930000","-69.38490000","","","","117.0","159.0","","","38.6","68.4","",""
"27479","174","76","2017-4","ID","Lotek4","Lotek","ACT-626","358","166.3800048828125","-0.3569999933242798","13.001500129699707","0.0000000011547000022815723","2.5","1512419288.6939","15718","","active","2018-01-19 17:25:00 +00:00","","1516382700","","0.0","4670","Calidris canutus","Calidris canutus","Red Knot","Bécasseau maubèche","'0000207","'0000207","metal band","-52.46930000","-69.38490000","","","","122.0","160.0","","","38.0","66.4","",""
"27480","174","77","2017-4","ID","Lotek4","Lotek","ACT-626","358","166.3800048828125","-0.021800000220537186","13.000900268554688","0.0008999999845400453","2.5","1512419288.6939","15719","","active","2018-01-19 05:59:00 +00:00","","1516341540.0000002","","0.0","4600","Limosa haemastica","Limosa haemastica","Hudsonian Godwit","Barge hudsonienne","'K00063","'K00063","metal band","-52.46930000","-69.38490000","","","","284.0","211.0","","","80.1","115.0","",""
"27481","174","78","2017-4","ID","Lotek4","Lotek","ACT-626","358","166.3800048828125","1.6230000257492065","13.001399993896484","0.00009999999747378752","2.5","1512419288.6939","15720","","active","2018-01-19 05:54:59 +00:00","","1516341299","","0.0","4600","Limosa haemastica","Limosa haemastica","Hudsonian Godwit","Barge hudsonienne","'K00062","'K00062","metal band","-52.46930000","-69.38490000","","","","293.0","218.0","","","89.4","125.2","",""
"27482","174","79","2017-4","ID","Lotek4","Lotek","ACT-626","358","166.3800048828125","0.04859999939799309","13.001500129699707","0.000000000000002293299988318366","2.5","1512419288.6939","15721","","active","2018-01-19 18:02:00 +00:00","","1516384920","","0.0","4670","Calidris canutus","Calidris canutus","Red Knot","Bécasseau maubèche","'0000219","'0000219","metal band","-52.46930000","-69.38490000","","","","109.0","141.0","","","34.2","63.2","",""
"27484","174","60","2017-4","ID","Lotek4","Lotek","ACT-626","358","166.3800048828125","1.0095000267028809","13.001299858093262","0.00009999999747378752","2.5","1513192624.2124","15702","","pending","","","","","","","","","","","","","","","","","","","","","","","","","",""
"32777","174","201","2019-1","ID","Lotek4","Lotek","NTQB2-4-2S","739","166.3800048828125","0.039500001817941666","14.900099754333496","0","2.5","1548966941.2889","20866","","active","2019-02-01 00:00:00 +00:00","","1548979200","","0.0","4670","Calidris canutus","Calidris canutus","Red Knot","Bécasseau maubèche","","","","","","","","","","","","","","","",""
"32778","174","202","2019-1","ID","Lotek4","Lotek","NTQB2-4-2S","739","166.3800048828125","-0.06639999896287918","14.900099754333496","0","2.5","1548966941.2889","20867","","active","2019-02-01 00:00:00 +00:00","","1548979200","","0.0","4670","Calidris canutus","Calidris canutus","Red Knot","Bécasseau maubèche","","","","","","","","","","","","","","","",""
"32779","174","203","2019-1","ID","Lotek4","Lotek","NTQB2-4-2S","739","166.3800048828125","0.0034000000450760126","14.899999618530273","0","2.5","1548966941.2889","20868","","active","2019-02-01 00:00:00 +00:00","","1548979200","","0.0","4670","Calidris canutus","Calidris canutus","Red Knot","Bécasseau maubèche","","","","","","","","","","","","","","","",""
"32780","174","204","2019-1","ID","Lotek4","Lotek","NTQB2-4-2S","739","166.3800048828125","0.0066999997943639755","14.900099754333496","0","2.5","1548966941.2889","20869","","active","2019-02-01 00:00:00 +00:00","","1548979200","","0.0","4670","Calidris canutus","Calidris canutus","Red Knot","Bécasseau maubèche","","","","","","","","","","","","","","","",""
"32781","174","205","2019-1","ID","Lotek4","Lotek","NTQB2-4-2S","739","166.3800048828125","-0.6678000092506409","14.900300025939941","0","2.5","1548966941.2889","20870","","active","2019-02-01 00:00:00 +00:00","","1548979200","","0.0","4670","Calidris canutus","Calidris canutus","Red Knot","Bécasseau maubèche","","","","","","","","","","","","","","","",""
"32782","174","206","2019-1","ID","Lotek4","Lotek","NTQB2-4-2S","739","166.3800048828125","0.24169999361038208","14.899900436401367","0","2.5","1548966941.2889","20871","","active","2019-02-01 00:00:00 +00:00","","1548979200","","0.0","4670","Calidris canutus","Calidris canutus","Red Knot","Bécasseau maubèche","","","","","","","","","","","","","","","",""
"32783","174","207","2019-1","ID","Lotek4","Lotek","NTQB2-4-2S","739","166.3800048828125","0.1858000010251999","14.900099754333496","0","2.5","1548966941.2889","20872","","active","2019-02-01 00:00:00 +00:00","","1548979200","","0.0","4670","Calidris canutus","Calidris canutus","Red Knot","Bécasseau maubèche","","","","","","","","","","","","","","","",""
"32784","174","208","2019-1","ID","Lotek4","Lotek","NTQB2-4-2S","739","166.3800048828125","0.10920000076293945","14.900099754333496","0","2.5","1548966941.2889","20873","","active","2019-02-01 00:00:00 +00:00","","1548979200","","0.0","4670","Calidris canutus","Calidris canutus","Red Knot","Bécasseau maubèche","","","","","","","","","","","","","","","",""
"32785","174","209","2019-1","ID","Lotek4","Lotek","NTQB2-4-2S","739","166.3800048828125","0.323199987411499","14.899800300598145","0.0008999999845400453","2.5","1548966941.2889","20874","","active","2019-02-01 00:00:00 +00:00","","1548979200","","0.0","4670","Calidris canutus","Calidris canutus","Red Knot","Bécasseau maubèche","","","","","","","","","","","","","","","",""
"32786","174","210","2019-1","ID","Lotek4","Lotek","NTQB2-4-2S","739","166.3800048828125","0.2822999954223633","14.899700164794922","0.0008999999845400453","2.5","1548966941.2889","20875","","active","2019-02-01 00:00:00 +00:00","","1548979200","","0.0","4670","Calidris canutus","Calidris canutus","Red Knot","Bécasseau maubèche","","","","","","","","","","","","","","","",""
"32787","174","211","2019-1","ID","Lotek4","Lotek","NTQB2-4-2S","739","166.3800048828125","0.7944999933242798","14.899299621582031","0.0010999999940395355","2.5","1548966941.2889","20876","","active","2019-02-01 00:00:00 +00:00","","1548979200","","0.0","4670","Calidris canutus","Calidris canutus","Red Knot","Bécasseau maubèche","","","","","","","","","","","","","","","",""
"32788","174","212","2019-1","ID","Lotek4","Lotek","NTQB2-4-2S","739","166.3800048828125","0.26330000162124634","14.900199890136719","0","2.5","1548966941.2889","20877","","active","2019-02-01 00:00:00 +00:00","","1548979200","","0.0","4670","Calidris canutus","Calidris canutus","Red Knot","Bécasseau maubèche","","","","","","","","","","","","","","","",""
"32789","174","213","2019-1","ID","Lotek4","Lotek","NTQB2-4-2S","739","166.3800048828125","0.3262999951839447","14.900099754333496","0","2.5","1548966941.2889","20878","","active","2019-02-01 00:00:00 +00:00","","1548979200","","0.0","4670","Calidris canutus","Calidris canutus","Red Knot","Bécasseau maubèche","","","","","","","","","","","","","","","",""
"32790","174","214","2019-1","ID","Lotek4","Lotek","NTQB2-4-2S","739","166.3800048828125","0.12300000339746475","14.899999618530273","0","2.5","1548966941.2889","20879","","active","2019-02-01 00:00:00 +00:00","","1548979200","","0.0","4670","Calidris canutus","Calidris canutus","Red Knot","Bécasseau maubèche","","","","","","","","","","","","","","","",""
"32791","174","215","2019-1","ID","Lotek4","Lotek","NTQB2-4-2S","739","166.3800048828125","0.3156999945640564","14.900099754333496","0","2.5","1548966941.2889","20880","","active","2019-02-01 00:00:00 +00:00","","1548979200","","0.0","4670","Calidris canutus","Calidris canutus","Red Knot","Bécasseau maubèche","","","","","","","","","","","","","","","",""
"32792","174","216","2019-1","ID","Lotek4","Lotek","NTQB2-4-2S","739","166.3800048828125","0.18000000715255737","14.899900436401367","0","2.5","1548966941.2889","20881","","active","2019-02-01 00:00:00 +00:00","","1548979200","","0.0","4670","Calidris canutus","Calidris canutus","Red Knot","Bécasseau maubèche","","","","","","","","","","","","","","","",""
"32793","174","217","2019-1","ID","Lotek4","Lotek","NTQB2-4-2S","739","166.3800048828125","0.20329999923706055","14.899999618530273","0","2.5","1548966941.2889","20882","","active","2019-02-01 00:00:00 +00:00","","1548979200","","0.0","4670","Calidris canutus","Calidris canutus","Red Knot","Bécasseau maubèche","","","","","","","","","","","","","","","",""
"32794","174","218","2019-1","ID","Lotek4","Lotek","NTQB2-4-2S","739","166.3800048828125","0.24699999392032623","14.899800300598145","0.0008999999845400453","2.5","1548966941.2889","20883","","active","2019-02-01 00:00:00 +00:00","","1548979200","","0.0","4670","Calidris canutus","Calidris canutus","Red Knot","Bécasseau maubèche","","","","","","","","","","","","","","","",""
"32795","174","219","2019-1","ID","Lotek4","Lotek","NTQB2-4-2S","739","166.3800048828125","0.1599999964237213","14.900300025939941","0","2.5","1548966941.2889","20884","","active","2019-02-01 00:00:00 +00:00","","1548979200","","0.0","4670","Calidris canutus","Calidris canutus","Red Knot","Bécasseau maubèche","","","","","","","","","","","","","","","",""
"32796","174","220","2019-1","ID","Lotek4","Lotek","NTQB2-4-2S","739","166.3800048828125","0.3422999978065491","14.898200035095215","0.0008999999845400453","2.5","1548966941.2889","20885","","active","2019-02-01 00:00:00 +00:00","","1548979200","","0.0","4670","Calidris canutus","Calidris canutus","Red Knot","Bécasseau maubèche","","","","","","","","","","","","","","","",""
"32797","174","221","2019-1","ID","Lotek4","Lotek","NTQB2-4-2S","739","166.3800048828125","0.28630000352859497","14.899299621582031","0.0017999999690800905","2.5","1548966941.2889","20886","","active","2019-02-01 00:00:00 +00:00","","1548979200","","0.0","4670","Calidris canutus","Calidris canutus","Red Knot","Bécasseau maubèche","","","","","","","","","","","","","","","",""
"32798","174","222","2019-1","ID","Lotek4","Lotek","NTQB2-4-2S","739","166.3800048828125","0.20730000734329224","14.900099754333496","0","2.5","1548966941.2889","20887","","active","2019-02-01 00:00:00 +00:00","","1548979200","","0.0","4670","Calidris canutus","Calidris canutus","Red Knot","Bécasseau maubèche","","","","","","","","","","","","","","","",""
"32799","174","223","2019-1","ID","Lotek4","Lotek","NTQB2-4-2S","739","166.3800048828125","0.41620001196861267","14.898500442504883","0","2.5","1548966941.2889","20888","","active","2019-02-01 00:00:00 +00:00","","1548979200","","0.0","4670","Calidris canutus","Calidris canutus","Red Knot","Bécasseau maubèche","","","","","","","","","","","","","","","",""
"32800","174","224","2019-1","ID","Lotek4","Lotek","NTQB2-4-2S","739","166.3800048828125","0.24560000002384186","14.900099754333496","0","2.5","1548966941.2889","20889","","active","2019-02-01 00:00:00 +00:00","","1548979200","","0.0","4670","Calidris canutus","Calidris canutus","Red Knot","Bécasseau maubèche","","","","","","","","","","","","","","","",""
"32801","174","225","2019-1","ID","Lotek4","Lotek","NTQB2-4-2S","739","166.3800048828125","0.48350000381469727","14.899700164794922","0.0008999999845400453","2.5","1548966941.2889","20890","","active","2019-02-01 00:00:00 +00:00","","1548979200","","0.0","4670","Calidris canutus","Calidris canutus","Red Knot","Bécasseau maubèche","","","","","","","","","","","","","","","",""
"32802","174","226","2019-1","ID","Lotek4","Lotek","NTQB2-4-2S","739","166.3800048828125","0.18970000743865967","14.900099754333496","0","2.5","1548966941.2889","20891","","active","2019-02-01 00:00:00 +00:00","","1548979200","","0.0","4670","Calidris canutus","Calidris canutus","Red Knot","Bécasseau maubèche","","","","","","","","","","","","","","","",""
"32803","174","227","2019-1","ID","Lotek4","Lotek","NTQB2-4-2S","739","166.3800048828125","0.2985000014305115","14.898500442504883","0","2.5","1548966941.2889","20892","","active","2019-02-01 00:00:00 +00:00","","1548979200","","0.0","4670","Calidris canutus","Calidris canutus","Red Knot","Bécasseau maubèche","","","","","","","","","","","","","","","",""
"32804","174","228","2019-1","ID","Lotek4","Lotek","NTQB2-4-2S","739","166.3800048828125","0.20160000026226044","14.898699760437012","0","2.5","1548966941.2889","20893","","active","2019-02-01 00:00:00 +00:00","","1548979200","","0.0","4670","Calidris canutus","Calidris canutus","Red Knot","Bécasseau maubèche","","","","","","","","","","","","","","","",""
"32805","174","229","2019-1","ID","Lotek4","Lotek","NTQB2-4-2S","739","166.3800048828125","0.7372000217437744","14.898699760437012","0","2.5","1548966941.2889","20894","","active","2019-02-01 00:00:00 +00:00","","1548979200","","0.0","4670","Calidris canutus","Calidris canutus","Red Knot","Bécasseau maubèche","","","","","","","","","","","","","","","",""
"32806","174","230","2019-1","ID","Lotek4","Lotek","NTQB2-4-2S","739","166.3800048828125","0.29580000042915344","14.899700164794922","0","2.5","1548966941.2889","20895","","active","2019-02-01 00:00:00 +00:00","","1548979200","","0.0","4670","Calidris canutus","Calidris canutus","Red Knot","Bécasseau maubèche","","","","","","","","","","","","","","","",""
"32807","174","231","2019-1","ID","Lotek4","Lotek","NTQB2-4-2S","739","166.3800048828125","0.18250000476837158","14.900099754333496","0","2.5","1548966941.2889","20896","","active","2019-02-01 00:00:00 +00:00","","1548979200","","0.0","4670","Calidris canutus","Calidris canutus","Red Knot","Bécasseau maubèche","","","","","","","","","","","","","","","",""
"32808","174","232","2019-1","ID","Lotek4","Lotek","NTQB2-4-2S","739","166.3800048828125","0.320499986410141","14.900199890136719","0","2.5","1548966941.2889","20897","","active","2019-02-01 00:00:00 +00:00","","1548979200","","0.0","4670","Calidris canutus","Calidris canutus","Red Knot","Bécasseau maubèche","","","","","","","","","","","","","","","",""
"32809","174","233","2019-1","ID","Lotek4","Lotek","NTQB2-4-2S","739","166.3800048828125","0.2207999974489212","14.899999618530273","0","2.5","1548966941.2889","20898","","active","2019-02-01 00:00:00 +00:00","","1548979200","","0.0","4670","Calidris canutus","Calidris canutus","Red Knot","Bécasseau maubèche","","","","","","","","","","","","","","","",""
"32810","174","234","2019-1","ID","Lotek4","Lotek","NTQB2-4-2S","739","166.3800048828125","0.21320000290870667","14.900099754333496","0","2.5","1548966941.2889","20899","","active","2019-02-01 00:00:00 +00:00","","1548979200","","0.0","4670","Calidris canutus","Calidris canutus","Red Knot","Bécasseau maubèche","","","","","","","","","","","","","","","",""
"32811","174","235","2019-1","ID","Lotek4","Lotek","NTQB2-4-2S","739","166.3800048828125","0.23819999396800995","14.900099754333496","0","2.5","1548966941.2889","20900","","active","2019-02-01 00:00:00 +00:00","","1548979200","","0.0","4670","Calidris canutus","Calidris canutus","Red Knot","Bécasseau maubèche","","","","","","","","","","","","","","","",""
"32812","174","236","2019-1","ID","Lotek4","Lotek","NTQB2-4-2S","739","166.3800048828125","0.5472999811172485","14.900199890136719","0","2.5","1548966941.2889","20901","","active","2019-02-01 00:00:00 +00:00","","1548979200","","0.0","4670","Calidris canutus","Calidris canutus","Red Knot","Bécasseau maubèche","","","","","","","","","","","","","","","",""
"32813","174","237","2019-1","ID","Lotek4","Lotek","NTQB2-4-2S","739","166.3800048828125","-0.3504999876022339","14.899700164794922","0.0008999999845400453","2.5","1548966941.2889","20902","","active","2019-02-01 00:00:00 +00:00","","1548979200","","0.0","4670","Calidris canutus","Calidris canutus","Red Knot","Bécasseau maubèche","","","","","","","","","","","","","","","",""
"32814","174","238","2019-1","ID","Lotek4","Lotek","NTQB2-4-2S","739","166.3800048828125","0.3156999945640564","14.900199890136719","0","2.5","1548966941.2889","20903","","active","2019-02-01 00:00:00 +00:00","","1548979200","","0.0","4670","Calidris canutus","Calidris canutus","Red Knot","Bécasseau maubèche","","","","","","","","","","","","","","","",""
"32815","174","239","2019-1","ID","Lotek4","Lotek","NTQB2-4-2S","739","166.3800048828125","-0.12479999661445618","14.899999618530273","0","2.5","1548966941.2889","20904","","active","2019-02-01 00:00:00 +00:00","","1548979200","","0.0","4670","Calidris canutus","Calidris canutus","Red Knot","Bécasseau maubèche","","","","","","","","","","","","","","","",""
"32816","174","241","2019-1","ID","Lotek4","Lotek","NTQB2-4-2S","739","166.3800048828125","0.5476999878883362","14.900099754333496","0","2.5","1548966941.2889","20905","","active","2019-02-01 00:00:00 +00:00","","1548979200","","0.0","4670","Calidris canutus","Calidris canutus","Red Knot","Bécasseau maubèche","","","","","","","","","","","","","","","",""
"32817","174","242","2019-1","ID","Lotek4","Lotek","NTQB2-4-2S","739","166.3800048828125","-0.05169999971985817","14.900199890136719","0","2.5","1548966941.2889","20906","","active","2019-02-01 00:00:00 +00:00","","1548979200","","0.0","4670","Calidris canutus","Calidris canutus","Red Knot","Bécasseau maubèche","","","","","","","","","","","","","","","",""
"32818","174","243","2019-1","ID","Lotek4","Lotek","NTQB2-4-2S","739","166.3800048828125","-0.0551999993622303","14.900099754333496","0","2.5","1548966941.2889","20907","","active","2019-02-01 00:00:00 +00:00","","1548979200","","0.0","4670","Calidris canutus","Calidris canutus","Red Knot","Bécasseau maubèche","","","","","","","","","","","","","","","",""
"32819","174","244","2019-1","ID","Lotek4","Lotek","NTQB2-4-2S","739","166.3800048828125","0.15760000050067902","14.900099754333496","0","2.5","1548966941.2889","20908","","active","2019-02-01 00:00:00 +00:00","","1548979200","","0.0","4670","Calidris canutus","Calidris canutus","Red Knot","Bécasseau maubèche","","","","","","","","","","","","","","","",""
"32820","174","245","2019-1","ID","Lotek4","Lotek","NTQB2-4-2S","739","166.3800048828125","0.0544000007212162","14.900099754333496","0","2.5","1548966941.2889","20909","","active","2019-02-01 00:00:00 +00:00","","1548979200","","0.0","4670","Calidris canutus","Calidris canutus","Red Knot","Bécasseau maubèche","","","","","","","","","","","","","","","",""
"32821","174","246","2019-1","ID","Lotek4","Lotek","NTQB2-4-2S","739","166.3800048828125","0.12479999661445618","14.900199890136719","0","2.5","1548966941.2889","20910","","active","2019-02-01 00:00:00 +00:00","","1548979200","","0.0","4670","Calidris canutus","Calidris canutus","Red Knot","Bécasseau maubèche","","","","","","","","","","","","","","","",""
"32822","174","247","2019-1","ID","Lotek4","Lotek","NTQB2-4-2S","739","166.3800048828125","-0.4677000045776367","14.900099754333496","0","2.5","1548966941.2889","20911","","active","2019-02-01 00:00:00 +00:00","","1548979200","","0.0","4670","Calidris canutus","Calidris canutus","Red Knot","Bécasseau maubèche","","","","","","","","","","","","","","","",""
"32823","174","248","2019-1","ID","Lotek4","Lotek","NTQB2-4-2S","739","166.3800048828125","0.3181999921798706","14.899999618530273","0","2.5","1548966941.2889","20912","","active","2019-02-01 00:00:00 +00:00","","1548979200","","0.0","4670","Calidris canutus","Calidris canutus","Red Knot","Bécasseau maubèche","","","","","","","","","","","","","","","",""
"32824","174","249","2019-1","ID","Lotek4","Lotek","NTQB2-4-2S","739","166.3800048828125","-0.03620000183582306","14.898599624633789","0","2.5","1548966941.2889","20913","","active","2019-02-01 00:00:00 +00:00","","1548979200","","0.0","4670","Calidris canutus","Calidris canutus","Red Knot","Bécasseau maubèche","","","","","","","","","","","","","","","",""
"32825","174","250","2019-1","ID","Lotek4","Lotek","NTQB2-4-2S","739","166.3800048828125","0.251800000667572","14.900300025939941","0","2.5","1548966941.2889","20914","","active","2019-02-01 00:00:00 +00:00","","1548979200","","0.0","4670","Calidris canutus","Calidris canutus","Red Knot","Bécasseau maubèche","","","","","","","","","","","","","","","",""
"32826","174","251","2019-1","ID","Lotek4","Lotek","NTQB2-4-2S","739","166.3800048828125","0.2872999906539917","14.899700164794922","0.0008999999845400453","2.5","1548966941.2889","20915","","active","2019-02-01 00:00:00 +00:00","","1548979200","","0.0","4670","Calidris canutus","Calidris canutus","Red Knot","Bécasseau maubèche","","","","","","","","","","","","","","","",""
"32827","174","252","2019-1","ID","Lotek4","Lotek","NTQB2-4-2S","739","166.3800048828125","0.3271999955177307","14.900199890136719","0","2.5","1548966941.2889","20916","","active","2019-02-01 00:00:00 +00:00","","1548979200","","0.0","4670","Calidris canutus","Calidris canutus","Red Knot","Bécasseau maubèche","","","","","","","","","","","","","","","",""
"32828","174","253","2019-1","ID","Lotek4","Lotek","NTQB2-4-2S","739","166.3800048828125","0.2526000142097473","14.900099754333496","0.00009999999747378752","2.5","1548966941.2889","20917","","active","2019-02-01 00:00:00 +00:00","","1548979200","","0.0","4670","Calidris canutus","Calidris canutus","Red Knot","Bécasseau maubèche","","","","","","","","","","","","","","","",""
"32829","174","254","2019-1","ID","Lotek4","Lotek","NTQB2-4-2S","739","166.3800048828125","0.25679999589920044","14.898500442504883","0","2.5","1548966941.2889","20918","","active","2019-02-01 00:00:00 +00:00","","1548979200","","0.0","4670","Calidris canutus","Calidris canutus","Red Knot","Bécasseau maubèche","","","","","","","","","","","","","","","",""
"32830","174","255","2019-1","ID","Lotek4","Lotek","NTQB2-4-2S","739","166.3800048828125","0.35019999742507935","14.898200035095215","0","2.5","1548966941.2889","20919","","active","2019-02-01 00:00:00 +00:00","","1548979200","","0.0","4670","Calidris canutus","Calidris canutus","Red Knot","Bécasseau maubèche","","","","","","","","","","","","","","","",""
"32831","174","256","2019-1","ID","Lotek4","Lotek","NTQB2-4-2S","739","166.3800048828125","-0.040800001472234726","14.898699760437012","0","2.5","1548966941.2889","20920","","active","2019-02-01 00:00:00 +00:00","","1548979200","","0.0","4670","Calidris canutus","Calidris canutus","Red Knot","Bécasseau maubèche","","","","","","","","","","","","","","","",""
"32832","174","257","2019-1","ID","Lotek4","Lotek","NTQB2-4-2S","739","166.3800048828125","0.6435999870300293","14.898500442504883","0","2.5","1548966941.2889","20921","","active","2019-02-01 00:00:00 +00:00","","1548979200","","0.0","4670","Calidris canutus","Calidris canutus","Red Knot","Bécasseau maubèche","","","","","","","","","","","","","","","",""
"32833","174","258","2019-1","ID","Lotek4","Lotek","NTQB2-4-2S","739","166.3800048828125","0.33559998869895935","14.898300170898438","0","2.5","1548966941.2889","20922","","active","2019-02-01 00:00:00 +00:00","","1548979200","","0.0","4670","Calidris canutus","Calidris canutus","Red Knot","Bécasseau maubèche","","","","","","","","","","","","","","","",""
"32834","174","259","2019-1","ID","Lotek4","Lotek","NTQB2-4-2S","739","166.3800048828125","0.060600001364946365","14.898300170898438","0","2.5","1548966941.2889","20923","","active","2019-02-01 00:00:00 +00:00","","1548979200","","0.0","4670","Calidris canutus","Calidris canutus","Red Knot","Bécasseau maubèche","","","","","","","","","","","","","","","",""
"32835","174","260","2019-1","ID","Lotek4","Lotek","NTQB2-4-2S","739","166.3800048828125","0.29100000858306885","14.898599624633789","0","2.5","1548966941.2889","20924","","active","2019-02-01 00:00:00 +00:00","","1548979200","","0.0","4670","Calidris canutus","Calidris canutus","Red Knot","Bécasseau maubèche","","","","","","","","","","","","","","","",""
"32836","174","261","2019-1","ID","Lotek4","Lotek","NTQB2-4-2S","739","166.3800048828125","-0.02019999921321869","14.898599624633789","0","2.5","1548966941.2889","20925","","active","2019-02-01 00:00:00 +00:00","","1548979200","","0.0","4670","Calidris canutus","Calidris canutus","Red Knot","Bécasseau maubèche","","","","","","","","","","","","","","","",""
"32837","174","262","2019-1","ID","Lotek4","Lotek","NTQB2-4-2S","739","166.3800048828125","0.23360000550746918","14.898500442504883","0","2.5","1548966941.2889","20926","","active","2019-02-01 00:00:00 +00:00","","1548979200","","0.0","4670","Calidris canutus","Calidris canutus","Red Knot","Bécasseau maubèche","","","","","","","","","","","","","","","",""
"32838","174","263","2019-1","ID","Lotek4","Lotek","NTQB2-4-2S","739","166.3800048828125","0.3163999915122986","14.89780044555664","0","2.5","1548966941.2889","20927","","active","2019-02-01 00:00:00 +00:00","","1548979200","","0.0","4670","Calidris canutus","Calidris canutus","Red Knot","Bécasseau maubèche","","","","","","","","","","","","","","","",""
"32839","174","264","2019-1","ID","Lotek4","Lotek","NTQB2-4-2S","739","166.3800048828125","0.6200000047683716","14.89840030670166","0","2.5","1548966941.2889","20928","","active","2019-02-01 00:00:00 +00:00","","1548979200","","0.0","4670","Calidris canutus","Calidris canutus","Red Knot","Bécasseau maubèche","","","","","","","","","","","","","","","",""
"32840","174","265","2019-1","ID","Lotek4","Lotek","NTQB2-4-2S","739","166.3800048828125","-0.8040000200271606","14.89840030670166","0","2.5","1548966941.2889","20929","","active","2019-02-01 00:00:00 +00:00","","1548979200","","0.0","4670","Calidris canutus","Calidris canutus","Red Knot","Bécasseau maubèche","","","","","","","","","","","","","","","",""
"32841","174","266","2019-1","ID","Lotek4","Lotek","NTQB2-4-2S","739","166.3800048828125","0.3208000063896179","14.898500442504883","0","2.5","1548966941.2889","20930","","active","2019-02-01 00:00:00 +00:00","","1548979200","","0.0","4670","Calidris canutus","Calidris canutus","Red Knot","Bécasseau maubèche","","","","","","","","","","","","","","","",""
"32842","174","267","2019-1","ID","Lotek4","Lotek","NTQB2-4-2S","739","166.3800048828125","0.301800012588501","14.898599624633789","0","2.5","1548966941.2889","20931","","active","2019-02-01 00:00:00 +00:00","","1548979200","","0.0","4670","Calidris canutus","Calidris canutus","Red Knot","Bécasseau maubèche","","","","","","","","","","","","","","","",""
"32843","174","269","2019-1","ID","Lotek4","Lotek","NTQB2-4-2S","739","166.3800048828125","0.2484000027179718","14.898300170898438","0","2.5","1548966941.2889","20932","","active","2019-02-01 00:00:00 +00:00","","1548979200","","0.0","4670","Calidris canutus","Calidris canutus","Red Knot","Bécasseau maubèche","","","","","","","","","","","","","","","",""
"32844","174","270","2019-1","ID","Lotek4","Lotek","NTQB2-4-2S","739","166.3800048828125","0.13979999721050262","14.89840030670166","0","2.5","1548966941.2889","20933","","active","2019-02-01 00:00:00 +00:00","","1548979200","","0.0","4670","Calidris canutus","Calidris canutus","Red Knot","Bécasseau maubèche","","","","","","","","","","","","","","","",""
"32845","174","271","2019-1","ID","Lotek4","Lotek","NTQB2-4-2S","739","166.3800048828125","0.09849999845027924","14.898200035095215","0.0008999999845400453","2.5","1548966941.2889","20934","","active","2019-02-01 00:00:00 +00:00","","1548979200","","0.0","4670","Calidris canutus","Calidris canutus","Red Knot","Bécasseau maubèche","","","","","","","","","","","","","","","",""
"32846","174","272","2019-1","ID","Lotek4","Lotek","NTQB2-4-2S","739","166.3800048828125","0.20999999344348907","14.898500442504883","0","2.5","1548966941.2889","20935","","active","2019-02-01 00:00:00 +00:00","","1548979200","","0.0","4670","Calidris canutus","Calidris canutus","Red Knot","Bécasseau maubèche","","","","","","","","","","","","","","","",""
"32847","174","273","2019-1","ID","Lotek4","Lotek","NTQB2-4-2S","739","166.3800048828125","0.3005000054836273","14.898500442504883","0","2.5","1548966941.2889","20936","","active","2019-02-01 00:00:00 +00:00","","1548979200","","0.0","4670","Calidris canutus","Calidris canutus","Red Knot","Bécasseau maubèche","","","","","","","","","","","","","","","",""
"32848","174","274","2019-1","ID","Lotek4","Lotek","NTQB2-4-2S","739","166.3800048828125","0.049800001084804535","14.898500442504883","0.0000000017321000189696178","2.5","1548966941.2889","20937","","active","2019-02-01 00:00:00 +00:00","","1548979200","","0.0","4670","Calidris canutus","Calidris canutus","Red Knot","Bécasseau maubèche","","","","","","","","","","","","","","","",""
"32849","174","275","2019-1","ID","Lotek4","Lotek","NTQB2-4-2S","739","166.3800048828125","0.31619998812675476","14.898500442504883","0","2.5","1548966941.2889","20938","","active","2019-02-01 00:00:00 +00:00","","1548979200","","0.0","4670","Calidris canutus","Calidris canutus","Red Knot","Bécasseau maubèche","","","","","","","","","","","","","","","",""
"32850","174","276","2019-1","ID","Lotek4","Lotek","NTQB2-4-2S","739","166.3800048828125","-0.18719999492168427","14.898599624633789","0","2.5","1548966941.2889","20939","","active","2019-02-01 00:00:00 +00:00","","1548979200","","0.0","4670","Calidris canutus","Calidris canutus","Red Knot","Bécasseau maubèche","","","","","","","","","","","","","","","",""
"32851","174","277","2019-1","ID","Lotek4","Lotek","NTQB2-4-2S","739","166.3800048828125","0.29339998960494995","14.898599624633789","0.0000000009574300241510514","2.5","1548966941.2889","20940","","active","2019-02-01 00:00:00 +00:00","","1548979200","","0.0","4670","Calidris canutus","Calidris canutus","Red Knot","Bécasseau maubèche","","","","","","","","","","","","","","","",""
"32852","174","278","2019-1","ID","Lotek4","Lotek","NTQB2-4-2S","739","166.3800048828125","0.3174000084400177","14.900300025939941","0","2.5","1548966941.2889","20941","","active","2019-02-01 00:00:00 +00:00","","1548979200","","0.0","4670","Calidris canutus","Calidris canutus","Red Knot","Bécasseau maubèche","","","","","","","","","","","","","","","",""
"32853","174","279","2019-1","ID","Lotek4","Lotek","NTQB2-4-2S","739","166.3800048828125","0.29820001125335693","14.899200439453125","0.0020000000949949026","2.5","1548966941.2889","20942","","active","2019-02-01 00:00:00 +00:00","","1548979200","","0.0","4670","Calidris canutus","Calidris canutus","Red Knot","Bécasseau maubèche","","","","","","","","","","","","","","","",""
"32854","174","280","2019-1","ID","Lotek4","Lotek","NTQB2-4-2S","739","166.3800048828125","0.25920000672340393","14.900099754333496","0","2.5","1548966941.2889","20943","","active","2019-02-01 00:00:00 +00:00","","1548979200","","0.0","4670","Calidris canutus","Calidris canutus","Red Knot","Bécasseau maubèche","","","","","","","","","","","","","","","",""
"32855","174","281","2019-1","ID","Lotek4","Lotek","NTQB2-4-2S","739","166.3800048828125","-0.1842000037431717","14.899999618530273","0","2.5","1548966941.2889","20944","","active","2019-02-01 00:00:00 +00:00","","1548979200","","0.0","4670","Calidris canutus","Calidris canutus","Red Knot","Bécasseau maubèche","","","","","","","","","","","","","","","",""
"32856","174","282","2019-1","ID","Lotek4","Lotek","NTQB2-4-2S","739","166.3800048828125","0.14419999718666077","14.900099754333496","0","2.5","1548966941.2889","20945","","active","2019-02-01 00:00:00 +00:00","","1548979200","","0.0","4670","Calidris canutus","Calidris canutus","Red Knot","Bécasseau maubèche","","","","","","","","","","","","","","","",""
"32857","174","283","2019-1","ID","Lotek4","Lotek","NTQB2-4-2S","739","166.3800048828125","0.24269999563694","14.899999618530273","0","2.5","1548966941.2889","20946","","active","2019-02-01 00:00:00 +00:00","","1548979200","","0.0","4670","Calidris canutus","Calidris canutus","Red Knot","Bécasseau maubèche","","","","","","","","","","","","","","","",""
"32858","174","284","2019-1","ID","Lotek4","Lotek","NTQB2-4-2S","739","166.3800048828125","0.22460000216960907","14.900199890136719","0","2.5","1548966941.2889","20947","","active","2019-02-01 00:00:00 +00:00","","1548979200","","0.0","4670","Calidris canutus","Calidris canutus","Red Knot","Bécasseau maubèche","","","","","","","","","","","","","","","",""
"32859","174","286","2019-1","ID","Lotek4","Lotek","NTQB2-4-2S","739","166.3800048828125","0.3086000084877014","14.900099754333496","0","2.5","1548966941.2889","20948","","active","2019-02-01 00:00:00 +00:00","","1548979200","","0.0","4670","Calidris canutus","Calidris canutus","Red Knot","Bécasseau maubèche","","","","","","","","","","","","","","","",""
"32860","174","287","2019-1","ID","Lotek4","Lotek","NTQB2-4-2S","739","166.3800048828125","-0.44350001215934753","14.900099754333496","0","2.5","1548966941.2889","20949","","active","2019-02-01 00:00:00 +00:00","","1548979200","","0.0","4670","Calidris canutus","Calidris canutus","Red Knot","Bécasseau maubèche","","","","","","","","","","","","","","","",""
"32861","174","288","2019-1","ID","Lotek4","Lotek","NTQB2-4-2S","739","166.3800048828125","0.14900000393390656","14.899900436401367","0","2.5","1548966941.2889","20950","","active","2019-02-01 00:00:00 +00:00","","1548979200","","0.0","4670","Calidris canutus","Calidris canutus","Red Knot","Bécasseau maubèche","","","","","","","","","","","","","","","",""
"32862","174","289","2019-1","ID","Lotek4","Lotek","NTQB2-4-2S","739","166.3800048828125","-0.04600000008940697","14.8996000289917","0.0010000000474974513","2.5","1548966941.2889","20951","","active","2019-02-01 00:00:00 +00:00","","1548979200","","0.0","4670","Calidris canutus","Calidris canutus","Red Knot","Bécasseau maubèche","","","","","","","","","","","","","","","",""
"32863","174","290","2019-1","ID","Lotek4","Lotek","NTQB2-4-2S","739","166.3800048828125","0.32260000705718994","14.900199890136719","0","2.5","1548966941.2889","20952","","active","2019-02-01 00:00:00 +00:00","","1548979200","","0.0","4670","Calidris canutus","Calidris canutus","Red Knot","Bécasseau maubèche","","","","","","","","","","","","","","","",""
"32864","174","291","2019-1","ID","Lotek4","Lotek","NTQB2-4-2S","739","166.3800048828125","0.30379998683929443","14.899999618530273","0","2.5","1548966941.2889","20953","","active","2019-02-01 00:00:00 +00:00","","1548979200","","0.0","4670","Calidris canutus","Calidris canutus","Red Knot","Bécasseau maubèche","","","","","","","","","","","","","","","",""
"32865","174","293","2019-1","ID","Lotek4","Lotek","NTQB2-4-2S","739","166.3800048828125","-0.03519999980926514","14.899999618530273","0","2.5","1548966941.2889","20954","","active","2019-02-01 00:00:00 +00:00","","1548979200","","0.0","4670","Calidris canutus","Calidris canutus","Red Knot","Bécasseau maubèche","","","","","","","","","","","","","","","",""
"32866","174","294","2019-1","ID","Lotek4","Lotek","NTQB2-4-2S","739","166.3800048828125","0.11100000143051147","14.900199890136719","0","2.5","1548966941.2889","20955","","active","2019-02-01 00:00:00 +00:00","","1548979200","","0.0","4670","Calidris canutus","Calidris canutus","Red Knot","Bécasseau maubèche","","","","","","","","","","","","","","","",""
"32867","174","295","2019-1","ID","Lotek4","Lotek","NTQB2-4-2S","739","166.3800048828125","-0.06800000369548798","14.899499893188477","0.0008999999845400453","2.5","1548966941.2889","20956","","active","2019-02-01 00:00:00 +00:00","","1548979200","","0.0","4670","Calidris canutus","Calidris canutus","Red Knot","Bécasseau maubèche","","","","","","","","","","","","","","","",""
"32868","174","296","2019-1","ID","Lotek4","Lotek","NTQB2-4-2S","739","166.3800048828125","0.1096000000834465","14.900199890136719","0","2.5","1548966941.2889","20957","","active","2019-02-01 00:00:00 +00:00","","1548979200","","0.0","4670","Calidris canutus","Calidris canutus","Red Knot","Bécasseau maubèche","","","","","","","","","","","","","","","",""
"32869","174","297","2019-1","ID","Lotek4","Lotek","NTQB2-4-2S","739","166.3800048828125","-0.0658000037074089","14.899900436401367","0","2.5","1548966941.2889","20958","","active","2019-02-01 00:00:00 +00:00","","1548979200","","0.0","4670","Calidris canutus","Calidris canutus","Red Knot","Bécasseau maubèche","","","","","","","","","","","","","","","",""
"32870","174","298","2019-1","ID","Lotek4","Lotek","NTQB2-4-2S","739","166.3800048828125","-0.0560000017285347","14.899999618530273","0","2.5","1548966941.2889","20959","","active","2019-02-01 00:00:00 +00:00","","1548979200","","0.0","4670","Calidris canutus","Calidris canutus","Red Knot","Bécasseau maubèche","","","","","","","","","","","","","","","",""
"32871","174","299","2019-1","ID","Lotek4","Lotek","NTQB2-4-2S","739","166.3800048828125","-0.031199999153614044","14.900199890136719","0","2.5","1548966941.2889","20960","","active","2019-02-01 00:00:00 +00:00","","1548979200","","0.0","4670","Calidris canutus","Calidris canutus","Red Knot","Bécasseau maubèche","","","","","","","","","","","","","","","",""
"32872","174","300","2019-1","ID","Lotek4","Lotek","NTQB2-4-2S","739","166.3800048828125","0.30880001187324524","14.89840030670166","0","2.5","1548966941.2889","20961","","active","2019-02-01 00:00:00 +00:00","","1548979200","","0.0","4670","Calidris canutus","Calidris canutus","Red Knot","Bécasseau maubèche","","","","","","","","","","","","","","","",""
"33015","174","240","2019-1","ID","Lotek4","Lotek","NTQB2-4-2S","739","166.3800048828125","-0.025699999183416367","14.900099754333496","0","2.5","1549898166.95","21403","","active","2019-02-11 00:00:00 +00:00","","1549843200","","0.0","4670","Calidris canutus","Calidris canutus","Red Knot","Bécasseau maubèche","","","","","","","","","","","","","","","",""
